,City,Country,Max Temp,Current Description,Lat,Lng,Hotel Name
0,busselton,AU,290.3,broken clouds,-33.65,115.3333,Observatory Guest House
1,mataura,NZ,287.86,overcast clouds,-46.1927,168.8643,Ellie's Villa
2,concepcion del oro,MX,283.36,few clouds,24.6333,-101.4167,Hotel Hacienda San Javier
3,lagoa,PT,288.65,overcast clouds,39.05,-27.9833,Casa Das Faias
6,mayumba,GA,296.89,moderate rain,-3.432,10.6554,LIKWALE LODGE
9,port alfred,ZA,292.69,overcast clouds,-33.5906,26.891,The Halyards Hotel & Spa
10,tongliao,CN,278.56,scattered clouds,43.6125,122.2653,Meirujia Hotel
11,san cristobal,VE,291.64,overcast clouds,7.7669,-72.225,Pirineos
13,galveston,US,283.69,overcast clouds,29.3669,-94.9669,Crystal Suites
14,camopi,GF,293.91,overcast clouds,3.1655,-52.3158,La pousada
16,severo-kurilsk,RU,274.29,overcast clouds,50.6789,156.125,Kak Doma
19,kodiak,US,279.88,overcast clouds,57.79,-152.4072,Best Western Kodiak Inn
20,prainha,BR,297.08,overcast clouds,-1.8,-53.48,Casa Rocha
21,ushuaia,AR,284.96,clear sky,-54.8,-68.3,Albatross Hotel
22,ponta do sol,PT,294.1,overcast clouds,32.6667,-17.1,Hotel do Campo
24,san carlos de bariloche,AR,281.01,clear sky,-41.1456,-71.3082,Hotel Patagonia
25,hobart,AU,288.85,few clouds,-42.8794,147.3294,St Ives Hobart Accommodation Tasmania
26,punta arenas,CL,281.21,clear sky,-53.15,-70.9167,Hotel Hain
27,hermanus,ZA,290.82,overcast clouds,-34.4187,19.2345,Misty Waves Boutique Hotel
31,geraldton,AU,293.38,broken clouds,-28.7667,114.6,Broadwater Mariner Resort
32,rabupura,IN,297.72,clear sky,28.25,77.6,Agrasen Dharamshala
36,vaini,TO,297.24,few clouds,-21.2,-175.2,Keleti Beach Resort
37,coquimbo,CL,287.0,few clouds,-29.9533,-71.3436,Hotel San Juan
38,saint george,US,277.01,clear sky,37.1041,-113.5841,Best Western Plus Abbey Inn
41,lavrentiya,RU,274.04,snow,65.5833,-171.0,Bredasdorp Country Manor
42,albany,US,276.14,broken clouds,42.6001,-73.9662,Bredasdorp Country Manor
43,kruisfontein,ZA,292.53,broken clouds,-34.0033,24.7314,Oyster Bay House Rental
44,lompoc,US,283.47,clear sky,34.6391,-120.4579,"Holiday Inn Express Lompoc, an IHG Hotel"
45,san patricio,US,284.73,overcast clouds,28.017,-97.5169,"Motel 6 Sinton, TX"
46,port elizabeth,ZA,293.76,few clouds,-33.918,25.5701,39 On Nile Guest House
47,hilo,US,295.51,overcast clouds,19.7297,-155.09,Hilo Hawaiian Hotel
48,provideniya,RU,273.96,snow,64.3833,-173.3,Bredasdorp Country Manor
50,valparaiso,CL,285.95,scattered clouds,-33.0393,-71.6273,Hotel Ultramar
51,mar del plata,AR,290.16,moderate rain,-38.0023,-57.5575,Gran Hotel Mar del Plata
52,antalaha,MG,297.92,light rain,-14.9003,50.2788,Hotel Vitasoa
54,bluff,NZ,288.04,overcast clouds,-46.6,168.3333,Bluff Homestead - Guesthouse & Campervan Park
55,esperance,AU,291.94,scattered clouds,-33.8667,121.9,Hospitality Esperance
56,rikitea,PF,296.58,moderate rain,-23.1203,-134.9692,People ThankYou
58,bredasdorp,ZA,289.98,overcast clouds,-34.5322,20.0403,Bredasdorp Country Manor
61,tuatapere,NZ,286.38,overcast clouds,-46.1333,167.6833,Ron and Tony's Bed & Breakfast
66,margate,GB,282.54,light rain,51.3813,1.3862,Premier Inn Margate hotel
68,goure,NE,291.71,clear sky,13.9835,10.2704,Bredasdorp Country Manor
69,puerto ayora,EC,292.9,overcast clouds,-0.7393,-90.3518,Finch Bay Galapagos Hotel
70,kloulklubed,PW,297.43,light rain,7.0419,134.2556,Storyboard Beach Resort
71,wad rawah,SD,297.38,few clouds,15.1603,33.1397,ÿ≠Ÿàÿ¥ ÿ¨ŸÑŸä ŸàÿØÿ±ÿßŸàÿ©
74,faya,SA,293.21,clear sky,18.3851,42.4509,ÿ¥ŸäŸÑÿ© ŸÜÿ≥ÿßŸäŸÖ
76,new norfolk,AU,288.66,overcast clouds,-42.7826,147.0587,The Shingles Riverside Cottages
77,cachoeira do sul,BR,288.9,clear sky,-30.0392,-52.8939,Rede Bonnel Tropical Hotel Confort
78,sidi ali,DZ,290.84,overcast clouds,36.0998,0.4206,Khaled
80,sechura,PE,291.47,overcast clouds,-5.5569,-80.8222,Hospedaje Costa Bella
81,santa fe,AR,296.47,light rain,-31.6333,-60.7,Conquistador Hotel
84,ribeira grande,PT,289.14,broken clouds,38.5167,-28.7,Quinta da Meia Eira
87,constitucion,CL,286.89,scattered clouds,-35.3333,-72.4167,Hotel Boutique Las Azucenas
88,mubi,NG,294.28,overcast clouds,10.2676,13.2644,LASVEGAS BAR AND MOTEL
89,rio gallegos,AR,285.18,clear sky,-51.6226,-69.2181,Hotel Santa Cruz
90,ponta delgada,PT,289.55,scattered clouds,37.7333,-25.6667,Vila Nova Hotel
91,scottsbluff,US,274.28,overcast clouds,41.8666,-103.6672,Hampton Inn & Suites Scottsbluff-Conference Center
92,kapaa,US,297.33,broken clouds,22.0752,-159.319,Sheraton Kauai Coconut Beach Resort
93,huarmey,PE,290.8,overcast clouds,-10.0681,-78.1522,Hotel Miramar
94,carnarvon,AU,293.8,clear sky,-24.8667,113.6333,Hospitality Carnarvon
95,tricase,IT,290.11,scattered clouds,39.9304,18.3553,Hotel Adriatico
96,havoysund,NO,279.28,overcast clouds,70.9963,24.6622,Arctic View Glamping & Restaurant
97,padang,ID,297.18,moderate rain,-0.9492,100.3543,Mercure Padang
98,cidreira,BR,290.75,clear sky,-30.1811,-50.2056,Hotel Castelo
99,bichura,RU,274.09,few clouds,50.5881,107.6022,Gostinitsa Uyut
101,ucluelet,CA,280.65,overcast clouds,48.9329,-125.5528,Black Rock Oceanfront Resort
103,cape town,ZA,292.65,few clouds,-33.9258,18.4232,"Radisson Blu Hotel Waterfront, Cape Town"
105,placido de castro,BR,295.17,overcast clouds,-10.3353,-67.1856,Hotel Carioca
106,honningsvag,NO,279.01,broken clouds,70.9821,25.9704,Nordkapp Vandrerhjem
107,kijang,KR,291.0,clear sky,35.2442,129.2139,Samyang Beach Villa
109,kamaishi,JP,281.69,few clouds,39.2667,141.8833,Hotel Route Inn Kamaishi
111,santa cruz,BO,294.85,few clouds,-17.8,-63.1667,Aviador Hotel Boutique
112,hasaki,JP,289.42,overcast clouds,35.7333,140.8333,Inubosaki Kanko Hotel
114,jesup,US,282.78,clear sky,31.6074,-81.8854,Western Motel
115,rocha,UY,288.06,broken clouds,-34.4833,-54.3333,Hotel Arrarte
116,kushikino,JP,290.42,overcast clouds,31.7167,130.2667,Tajiri Inn
120,lazaro cardenas,MX,297.06,scattered clouds,17.9583,-102.2,HOTEL QUINTA ANTIGUA
122,torbay,CA,275.79,overcast clouds,47.6666,-52.7314,Gallows Cove
123,taltal,CL,288.98,broken clouds,-25.4,-70.4833,Residencial Karime
125,koutsouras,GR,290.99,clear sky,35.0339,25.9469,The White Houses
126,sitka,US,279.09,clear sky,57.0531,-135.33,Westmark Sitka
127,ahipara,NZ,290.45,overcast clouds,-35.1667,173.1667,Ahipara Holiday Park
128,souillac,MU,297.36,scattered clouds,-20.5167,57.5167,Shanti Maurice Resort & Spa
130,hovd,MN,276.26,overcast clouds,48.0056,91.6419,Hotel Buyant
132,narok,KE,289.1,light rain,-1.0783,35.8601,OLORROPIL TOWERS
134,balakliya,UA,278.47,overcast clouds,49.4627,36.8595,Hotel π Yuvileynyy
135,entre rios,BR,293.96,scattered clouds,-11.9419,-38.0844,Pousada Porteira
137,avarua,CK,296.18,few clouds,-21.2078,-159.775,Paradise Inn
140,havelock,US,284.14,clear sky,34.8791,-76.9013,Sherwood Motel
141,rosamorada,MX,292.19,clear sky,22.1222,-105.2058,Hotel Gonzalez
142,brunico,IT,278.75,overcast clouds,46.7958,11.9364,Hotel Post
143,liverpool,GB,282.12,light rain,53.4106,-2.9779,Premier Inn Liverpool City Centre (Moorfields) hotel
147,lucapa,AO,294.7,overcast clouds,-8.4192,20.7447,L√≠rio Mendes
150,bonavista,CA,273.72,light snow,48.6499,-53.1147,Sweet Sharons bnb
152,portland,US,277.23,clear sky,45.5234,-122.6762,Embassy Suites by Hilton Portland Downtown
156,izumo,JP,289.12,broken clouds,35.3667,132.7667,Toyoko-Inn Izumoshi ekimae
157,sao felix do xingu,BR,294.81,overcast clouds,-6.6447,-51.995,Rio Xingu Camping
158,de aar,ZA,296.37,scattered clouds,-30.6497,24.0123,Nyibiba Guesthouse
159,umm kaddadah,SD,295.48,overcast clouds,13.6017,26.6876,Bredasdorp Country Manor
160,vardo,NO,277.14,overcast clouds,70.3705,31.1107,Vard√∏ Hotel AS
163,nocupetaro,MX,294.68,few clouds,19.05,-101.15,"Hotel ""La Casa Embrujada"""
167,russell,US,280.75,broken clouds,32.3502,-85.1999,Macs
168,touros,BR,297.87,clear sky,-5.1989,-35.4608,INN NEW HORIZON
174,castro,BR,283.19,clear sky,-24.7911,-50.0119,CHACARA BAILLY
177,airai,TL,296.62,light rain,-8.9266,125.4092,Bredasdorp Country Manor
179,sao joao de pirabas,BR,297.75,overcast clouds,-0.7747,-47.1772,POUSADA SOL E MAR
182,seoul,KR,289.81,few clouds,37.5683,126.9778,LOTTE HOTEL SEOUL
183,amarante do maranhao,BR,297.38,overcast clouds,-5.5667,-46.7422,Hot√©is Ca√ßulinha
184,kaitangata,NZ,285.11,overcast clouds,-46.2817,169.8464,Kaitangata Motor Camp
185,caledon,ZA,289.3,overcast clouds,-34.23,19.4265,Die Pastorie
186,flinders,AU,292.07,scattered clouds,-34.5833,150.8552,Shellharbour Resort & Conference Centre
189,kuandian,CN,282.67,broken clouds,40.7286,124.7847,Hi Inn Dandong Kuandian Ji Xian Garden
190,naze,JP,293.66,light rain,28.3667,129.4833,Shishime Hotel
191,mogadouro,PT,286.62,overcast clouds,41.3403,-6.7119,Pens√£o Russo
192,tamworth,GB,281.94,light rain,52.634,-1.6959,Drayton Manor Hotel
193,presidencia roque saenz pena,AR,290.94,clear sky,-26.7852,-60.4388,Hotel Gualok
194,pacific grove,US,286.72,clear sky,36.6177,-121.9166,Lovers Point Inn
195,port hardy,CA,273.25,scattered clouds,50.6996,-127.4199,Airport Inn-Port Hardy
196,pauini,BR,295.08,overcast clouds,-7.7136,-66.9764,Casa do Kiwliks
197,berlevag,NO,280.12,overcast clouds,70.8578,29.0864,Kvitbrakka
200,arraial do cabo,BR,294.84,clear sky,-22.9661,-42.0278,Pousada Porto Praia
203,tasiilaq,GL,276.24,light rain,65.6145,-37.6368,The Red House
204,adrar,MR,292.94,clear sky,20.5022,-10.0711,Bredasdorp Country Manor
205,nouadhibou,MR,295.14,clear sky,20.931,-17.0347,El Medina
206,potiskum,NG,295.27,clear sky,11.7091,11.0694,Tamir Hotel Ltd
207,rawson,AR,288.28,overcast clouds,-43.3002,-65.1023,Hosteria Sampedro
208,rindal,NO,275.2,clear sky,63.0565,9.2124,Saga Trollheimen Hotel
210,codrington,AU,287.32,few clouds,-38.2667,141.9667,Bredasdorp Country Manor
211,los llanos de aridane,ES,293.22,clear sky,28.6585,-17.9182,Valle Aridane
212,chitral,PK,281.19,clear sky,35.8462,71.7858,PTDC Motel Chitral
213,marawi,PH,295.76,light rain,7.9986,124.2928,Derogongan Residence
215,mount gambier,AU,288.42,broken clouds,-37.8333,140.7667,The Commodore
216,livingston,GB,281.42,light intensity drizzle rain,55.9029,-3.5226,Mercure Livingston Hotel
218,patacamaya,BO,278.35,clear sky,-17.2333,-67.9167,RESIDENCIAL ISLA VIGU
219,cabo san lucas,MX,296.77,overcast clouds,22.8909,-109.9124,Hotel Tesoro Los Cabos
221,pokhara,NP,293.87,scattered clouds,28.2333,83.9833,OYO 170 Hotel View Point
223,batalha,BR,294.98,few clouds,-9.6778,-37.1247,Pousada Solar do Sert√£o
225,vestmannaeyjar,IS,281.88,moderate rain,63.4427,-20.2734,Glamping & Camping
227,nikolskoye,RU,274.15,light snow,59.7035,30.7861,Tourist House - Sablino
229,asau,RO,276.66,overcast clouds,46.4333,26.4,Casa Mika Ciobanus
232,ullapool,GB,281.68,overcast clouds,57.8987,-5.1604,Argyll Hotel
235,san quintin,MX,288.6,clear sky,30.4833,-115.95,Don Eddie's Sport Fishing Center
240,kuleshovka,RU,278.67,overcast clouds,47.078,39.5579,Otel' Versal'
242,nemuro,JP,278.65,broken clouds,43.3236,145.575,Hotel Nemuro Kaiyoutei
244,impfondo,CG,296.56,overcast clouds,1.6381,18.0667,Auberge La Place de Jules
246,isla mujeres,MX,297.13,few clouds,21.2311,-86.731,Hotel La Joya Isla Mujeres
250,vilhena,BR,293.62,broken clouds,-12.7406,-60.1458,Hotel Mirage
252,vila franca do campo,PT,289.38,broken clouds,37.7167,-25.4333,Pestana Bahia Praia
254,caravelas,BR,295.15,moderate rain,-17.7125,-39.2481,Pousada dos Navegantes
256,juneau,US,276.05,mist,58.3019,-134.4197,"Baranof Downtown, BW Signature Collection"
257,necochea,AR,286.86,scattered clouds,-38.5473,-58.7368,dyd -mar Hotel
258,cayenne,GF,297.17,clear sky,4.9333,-52.3333,H√¥tel Le Dronmi
260,batemans bay,AU,289.87,broken clouds,-35.7167,150.1833,Batemans Bay Marina Resort
263,palatka,US,286.47,overcast clouds,29.6486,-81.6376,"Holiday Inn Express & Suites Palatka Northwest, an IHG Hotel"
264,abu kamal,SY,291.66,clear sky,34.4506,40.9171,ŸÖÿ≠ÿ∑ÿ© ÿßŸÑÿ™ŸÑŸÅÿßÿ≤
266,la rochelle,FR,288.19,light rain,46.1667,-1.15,Hotel Henri IV
269,kpandu,GH,296.87,scattered clouds,6.9954,0.2931,Emo House
271,santa isabel do rio negro,BR,295.89,overcast clouds,-0.4139,-65.0192,Hotel GSA
272,atar,MR,295.35,clear sky,20.5169,-13.0499,Oumou Elghoura
273,ixtapa,MX,295.5,clear sky,20.7,-105.2,hotel la terminal
276,viseu,PT,288.63,overcast clouds,40.661,-7.9097,Montebelo Viseu Congress Hotel
281,summerside,CA,286.64,overcast clouds,46.3959,-63.7876,Summerside Motel & Cottages
282,kundiawa,PG,293.19,overcast clouds,-6.0167,144.9667,Pari
283,grindavik,IS,282.41,light rain,63.8424,-22.4338,Northern Light Inn & Max's Restaurant
284,belmonte,BR,296.47,overcast clouds,-15.8631,-38.8828,Pousada Monte Carmelo O P√£o
285,sarh,TD,294.1,clear sky,9.1429,18.3923,Caisse Nationale des Pr√©voyance Sociale
286,gomez palacio,MX,282.52,few clouds,25.5667,-103.5,Comfortable house with excellent location. Come to Gomez
287,plettenberg bay,ZA,291.94,overcast clouds,-34.0527,23.3716,Thanda Vista B&B
289,guerrero negro,MX,289.46,clear sky,27.9769,-114.0611,"Casa Laguna, Bed & Breakfast"
294,port lincoln,AU,290.81,overcast clouds,-34.7333,135.8667,Port Lincoln Hotel
298,mwinilunga,ZM,294.02,overcast clouds,-11.7358,24.4293,Kwakuwahi Lodge
301,peniche,PT,291.54,few clouds,39.3558,-9.3811,Hotel Star inn Peniche
302,gat,IL,292.26,broken clouds,31.61,34.7642,OlusHome
303,buchanan,LR,297.06,scattered clouds,5.8808,-10.0467,Kamaneahn Hotel Inc
305,anadia,BR,294.17,scattered clouds,-9.6844,-36.3042,S√≠tio do V√¥ Bilo
306,olafsvik,IS,280.13,overcast clouds,64.8945,-23.7142,Hotel Olafsvik
307,klaksvik,FO,282.66,broken clouds,62.2266,-6.589,Airbnb rooms
310,fortuna,US,278.66,clear sky,40.5982,-124.1573,Super 8 by Wyndham Fortuna
311,ketchikan,US,277.85,clear sky,55.3422,-131.6461,Snow's Cove Lodge
313,saint-lo,FR,283.39,light rain,49.1162,-1.0903,H√¥tel Mercure Saint-L√¥ Centre
314,lasa,IT,278.64,overcast clouds,46.6166,10.7002,Pension Feldg√§rtenhof
316,san jose,US,288.05,clear sky,37.3394,-121.895,The Westin San Jose
317,dronninglund,DK,279.7,overcast clouds,57.1604,10.2929,Dronninglund Hotel
318,guayaquil,EC,296.13,broken clouds,-2.1667,-79.9,HMHotel
320,east london,ZA,292.67,broken clouds,-33.0153,27.9116,Tu Casa
324,jacareacanga,BR,295.49,overcast clouds,-6.2222,-57.7528,Casa do Ianüòé
325,lichuan,CN,285.45,overcast clouds,30.3,108.85,Yuanlai Homestay
328,canavieiras,BR,295.96,overcast clouds,-15.675,-38.9472,Bahiadomizil
330,hervey bay,AU,297.05,overcast clouds,-25.2986,152.8535,Shelly Bay Resort
332,vestmanna,FO,281.66,broken clouds,62.1564,-7.1664,Budget Guesthouse Borgustova
334,binzhou,CN,291.95,clear sky,37.3667,118.0167,Hampton By Hilton Binzhou
337,lebu,CL,285.94,broken clouds,-37.6167,-73.65,Hostal Las Lilas
338,te horo,NZ,289.71,moderate rain,-40.8084,175.1233,Cottage 103
339,bereslavka,RU,275.58,overcast clouds,48.6254,44.0449,Bredasdorp Country Manor
340,pitimbu,BR,297.48,few clouds,-7.4706,-34.8086,Reserva do Abia√≠
341,avera,US,280.88,overcast clouds,33.194,-82.5271,Bredasdorp Country Manor
342,namibe,AO,294.87,broken clouds,-15.1961,12.1522,Hotel Chik Chik Namibe
348,miguel hidalgo,MX,288.39,few clouds,19.4225,-99.2028,JW Marriott Hotel Mexico City
349,riyadh,SA,296.23,broken clouds,24.6877,46.7219,"InterContinental Riyadh, an IHG Hotel"
350,pokrovskoye,RU,281.21,light rain,47.4157,38.8971,–¢–∏—Ö–∏–π —É–≥–æ–ª–æ–∫
354,laguna,US,284.86,clear sky,38.421,-121.4238,"Holiday Inn Express & Suites Elk Grove Central - Hwy 99, an IHG Hotel"
357,teacapan,MX,293.81,clear sky,22.55,-105.75,Hotel los Mangos
358,hualmay,PE,290.61,overcast clouds,-11.0964,-77.6139,Hotel Villa Kitzia Huacho
359,kiama,AU,292.18,scattered clouds,-34.6833,150.8667,The Sebel Kiama Harbourside
361,hemnesberget,NO,275.15,clear sky,66.2333,13.6333,Hemnesberget molo
363,buraydah,SA,294.4,overcast clouds,26.326,43.975,M√∂venpick Qassim
366,morganton,US,277.31,clear sky,35.7454,-81.6848,Hampton Inn Morganton
367,saldanha,ZA,292.18,overcast clouds,-33.0117,17.9442,Blue Bay Lodge
368,estelle,US,284.15,few clouds,29.8458,-90.1067,Ohio
369,nouakchott,MR,295.11,broken clouds,18.0858,-15.9785,HOTEL IMAN
370,katsuura,JP,288.41,overcast clouds,35.1333,140.3,Katsuura Hotel Mikazuki
371,lishu,CN,278.52,clear sky,43.3047,124.3278,Su Camp Business Hotel
374,zhanaozen,KZ,280.28,overcast clouds,43.3,52.8,Bredasdorp Country Manor
375,lynchburg,US,277.86,broken clouds,37.4138,-79.1423,Econo Lodge
376,pascagoula,US,281.18,clear sky,30.3658,-88.5561,Regency Inn
377,olinda,BR,297.0,overcast clouds,-8.0089,-34.8553,Flat Quatro Rodas Olinda
381,husavik,IS,280.61,overcast clouds,66.0449,-17.3389,Bjarnab√∫√∞
383,celestun,MX,297.46,scattered clouds,20.8667,-90.4,Posada Lilia
386,tamandare,BR,297.44,overcast clouds,-8.7597,-35.1047,Pousada 100 Passos
387,yining,CN,290.74,overcast clouds,29.0361,114.5636,Xiushui Hotel
389,bonthe,SL,296.19,broken clouds,7.5264,-12.505,Bonthe Holiday Village
392,hammerfest,NO,276.4,clear sky,70.6634,23.6821,Skytterhuset
395,araouane,ML,292.66,overcast clouds,18.9048,-3.5265,Bredasdorp Country Manor
396,gao,ML,292.52,few clouds,16.6362,1.637,Bredasdorp Country Manor
403,baruun-urt,MN,276.96,clear sky,46.6806,113.2792,–ê—Ö–º–∞–¥—ã–Ω –∞–º—Ä–∞–ª—Ç —Å—É–≤–∏–ª–∞–ª
405,dir,PK,287.4,clear sky,35.2058,71.8756,Ayaz hotal
406,north platte,US,273.77,overcast clouds,41.1239,-100.7654,"Holiday Inn Express & Suites North Platte, an IHG Hotel"
407,balkanabat,TM,289.88,broken clouds,39.5108,54.3671,Nebitchi Hotel
409,cartago,CO,291.99,overcast clouds,4.7464,-75.9117,sammpacale
411,boyuibe,BO,292.76,scattered clouds,-20.4167,-63.2833,Residencial Eluzai
413,digoin,FR,286.2,broken clouds,46.4812,3.9795,Hotel Du Rond Point
415,jackson,US,278.17,clear sky,42.4165,-122.8345,Agate Village Apartments
416,ancud,CL,286.61,overcast clouds,-41.8697,-73.8203,Hotel Arena Gruesa
418,viedma,AR,286.13,clear sky,-40.8135,-62.9967,Hotel Cristal
422,moerai,PF,294.84,broken clouds,-22.4333,-151.3333,Le Manotel
423,nuevo imperial,PE,290.65,overcast clouds,-13.0754,-76.3172,Hotel Konford
424,puerto leguizamo,CO,294.19,overcast clouds,-0.1934,-74.7819,la casona de juancho
425,garden city,US,275.12,overcast clouds,42.3256,-83.331,Big Trees Mobile Home Community
426,saint-georges,GD,297.97,light rain,12.0564,-61.7485,Radisson Grenada Beach Resort
428,ballina,AU,293.58,clear sky,-28.8667,153.5667,Ramada Hotel & Suites by Wyndham Ballina Byron
431,esna,EG,293.92,overcast clouds,25.2934,32.554,Orient Star Dahabyia Isna 05 Nights Each Sunday
433,richards bay,ZA,296.42,overcast clouds,-28.783,32.0377,BON Hotel Waterfront Richards Bay
436,arica,CL,289.28,clear sky,-18.475,-70.3042,Americano
438,omboue,GA,296.79,moderate rain,-1.5746,9.2618,Hotel Olako
439,kikuyu,KE,287.97,light rain,-1.2458,36.6633,Rhodes Place
441,rio claro,BR,288.91,clear sky,-22.4114,-47.5614,Hotel Vivendas Rio Claro by Atlantica
442,medina del campo,ES,286.93,overcast clouds,41.3124,-4.9141,Hotel Villa de Ferias
444,esfarayen,IR,285.96,clear sky,37.0765,57.5101,ÿØŸÅÿ™ÿ± ÿßÿ≤ÿØŸàÿßÿ¨ 65 : ÿ≥ÿ±ÿØŸÅÿ™ÿ± ÿßÿ®ÿ±ÿßŸá€åŸÖ ÿ®ÿ±ÿ∫ŸÖÿØ€å
445,bouar,CF,297.67,clear sky,5.934,15.596,Motel de l'UNITE
449,komsomolskiy,UZ,279.55,few clouds,40.4272,71.7189,Ikathouse
450,taoudenni,ML,293.6,clear sky,22.6783,-3.9836,Bredasdorp Country Manor
452,kumluca,TR,291.06,clear sky,36.3703,30.2869,Akkol Apart
453,santa maria da vitoria,BR,293.45,overcast clouds,-13.3947,-44.1886,Pousada Rio Current
455,colinas,BR,294.96,clear sky,-6.0258,-44.2492,Pousada do Nonatinho
457,camacha,PT,291.83,scattered clouds,33.0833,-16.3333,Hotel Porto Santo & Spa
459,hofn,IS,281.36,overcast clouds,64.2539,-15.2082,H√≥tel H√∂fn
460,zhangye,CN,280.37,few clouds,38.9342,100.4517,Zhangye Lvzhou Holiday Inn
461,ariquemes,BR,294.9,overcast clouds,-9.9133,-63.0408,Hotel Sol Nascente - Ariquemes - RO
463,broken hill,AU,293.43,clear sky,-31.95,141.4333,Royal Exchange Hotel
464,borehamwood,GB,282.24,moderate rain,51.6547,-0.2776,Village Hotel Watford
466,bilma,NE,292.68,broken clouds,18.6853,12.9164,Expeditions T√©n√©re voyages
467,muros,ES,288.2,overcast clouds,42.7762,-9.0603,Apartment Av. Castelao
468,el estor,GT,294.61,light rain,15.5333,-89.35,Chalet Castillo
469,vao,NC,297.79,overcast clouds,-22.6667,167.4833,Hotel Kou-Bugny
470,coihaique,CL,283.12,light rain,-45.5752,-72.0662,Diego De Almagro Coyhaique
473,launceston,AU,290.95,scattered clouds,-41.45,147.1667,Hotel Grand Chancellor Launceston
474,dafeng,CN,295.36,overcast clouds,23.4517,108.5881,Shenglong Hotel
476,soyo,AO,297.83,overcast clouds,-6.1349,12.3689,Hospedaria ndozi'ame
477,harlingen,US,282.56,overcast clouds,26.1906,-97.6961,Courtyard by Marriott Harlingen
479,conselheiro lafaiete,BR,286.53,broken clouds,-20.6603,-43.7861,Hotel Meri
480,visby,SE,277.07,broken clouds,57.6409,18.296,Best Western Solhem Hotel Visby
483,kigoma,TZ,297.48,broken clouds,-4.8769,29.6267,MJI Mwema Lodge
485,sfantu gheorghe,RO,282.74,light rain,45.8667,25.7833,Hotel Park
486,miranda,CO,292.22,overcast clouds,3.2499,-76.2281,unidiversidad organica la utopia
487,humaita,BR,295.84,overcast clouds,-7.5061,-63.0208,Corr√™a Hotel
488,port-gentil,GA,297.29,heavy intensity rain,-0.7193,8.7815,Fengshui Residence
491,beisfjord,NO,273.73,broken clouds,68.3751,17.5988,Bredasdorp Country Manor
492,bethel,US,276.32,clear sky,41.3712,-73.414,Courtyard by Marriott Danbury
497,mehamn,NO,280.1,light intensity drizzle,71.0357,27.8492,Mehamn Arctic Hotel AS
499,vila,PT,281.64,overcast clouds,42.0304,-8.1588,Hotel Castrum Villae by Walk Hotels
500,constantine,DZ,286.82,broken clouds,36.365,6.6147,Grand Hotel Cirta
503,cascais,PT,292.56,overcast clouds,38.6979,-9.4215,Hotel Vila Gal√© Cascais
504,nador,MA,293.29,broken clouds,35.174,-2.9287,H√¥tel La Giralda
506,djambala,CG,292.26,light rain,-2.5447,14.7533,Hotel Ravin D'or
507,kuryk,KZ,282.66,overcast clouds,43.2,51.65,Gostinitsa Kuryk - Otel' Dlya Vsekh Kategoriy Kliyentov .
508,grojec,PL,275.57,few clouds,51.8625,20.8676,Guest Rooms ZACISZE
509,elos,GR,291.06,scattered clouds,36.8327,22.6983,ŒûŒµŒΩŒøŒ¥ŒøœáŒµŒØŒø ŒåŒ±œÉŒ∑/ Oasis Hotel
510,talara,PE,292.56,overcast clouds,-4.5772,-81.2719,Hostal Oro Negro
512,navoi,UZ,281.86,smoke,40.0844,65.3792,Silk Road Hotel Termez
513,southbridge,US,275.44,few clouds,42.0751,-72.0334,Southbridge Hotel & Conference Center
519,agadez,NE,289.76,broken clouds,19.75,10.25,Bredasdorp Country Manor
522,wanaka,NZ,287.98,overcast clouds,-44.7,169.15,Wanaka Homestead Lodge and Cottages
524,maues,BR,297.18,overcast clouds,-3.3836,-57.7186,Hotel Miramar
528,palaikastron,GR,292.82,clear sky,35.2,26.25,Marina Village
530,port macquarie,AU,291.98,clear sky,-31.4333,152.9167,Rydges Port Macquarie
531,chornukhy,UA,273.31,overcast clouds,50.2673,32.942,Bredasdorp Country Manor
534,taft,IR,291.12,broken clouds,31.7471,54.2088,ÿπŸÖÿßÿ±ÿ™ ÿ≥ÿßÿπÿ™€å ÿ™ŸÅÿ™
535,nome,US,273.19,overcast clouds,64.5011,-165.4064,Dredge 7 Inn
537,remiremont,FR,283.25,overcast clouds,48.0175,6.5882,ibis budget Remiremont
539,khorramshahr,IR,294.13,overcast clouds,30.4397,48.1664,ÿØŸÅÿ™ÿ± ŸÜŸÖÿß€åŸÜÿØ⁄Ø€å ÿ¥ÿ±⁄©ÿ™ ÿ®ÿßÿ≤ÿßÿ±€åÿßÿ®ÿßŸÜ ÿß€åÿ±ÿßŸÜ€åÿßŸÜ ÿ≤ŸÖ€åŸÜBIZ
540,katsina,NG,293.7,clear sky,12.9894,7.6006,Katsina Motel
541,mityana,UG,295.38,light rain,0.4175,32.0228,Green Valley Hotel
547,holoby,UA,273.18,overcast clouds,51.0865,25.0077,Bredasdorp Country Manor
548,jose bonifacio,BR,294.74,clear sky,-21.0528,-49.6883,HOTEL DOS VIAJANTES
550,makakilo city,US,297.33,clear sky,21.3469,-158.0858,Marriott's Ko Olina Beach Club
551,ahuimanu,US,297.99,scattered clouds,21.4447,-157.8378,Paradise Bay Resort
552,sinnamary,GF,297.95,overcast clouds,5.3833,-52.95,ALETHEIA Appartement Sinnamary
553,coria,ES,288.96,overcast clouds,39.9879,-6.5377,Hotel San Crist√≥bal
554,rio grande,BR,291.46,clear sky,-32.035,-52.0986,Hotel Atl√¢ntico Rio Grande
555,lensk,RU,273.12,light snow,60.7253,114.9278,–¢–∏–Ω–û—Ä–°
556,barceloneta,PR,297.73,light rain,18.4505,-66.5385,Manati World Point Inn
558,ardakan,IR,294.39,broken clouds,32.31,54.0175,Ardakan Hotel
561,maragogi,BR,297.49,overcast clouds,-9.0122,-35.2225,Salinas do Maragogi All Inclusive Resort
562,beringovskiy,RU,273.22,snow,63.05,179.3167,Bredasdorp Country Manor
565,chepen,PE,291.59,overcast clouds,-7.2167,-79.45,Hospedaje Real
567,aksu,CN,282.04,clear sky,41.1231,80.2644,Pudong Holiday Hotel
568,kisac,RS,283.84,overcast clouds,45.3503,19.7286,Bredasdorp Country Manor
570,kidal,ML,292.4,broken clouds,18.4411,1.4078,Bredasdorp Country Manor
571,aswan,EG,290.76,clear sky,24.0934,32.907,Nuba Nile
572,yaan,NG,297.55,few clouds,7.3833,8.5667,Bredasdorp Country Manor
573,chuy,UY,287.71,clear sky,-33.6971,-53.4616,Nuevo Hotel Plaza
575,lamar,US,275.57,clear sky,33.6668,-95.5836,Kings Inn Paris TX
576,westport,US,277.72,clear sky,41.1415,-73.3579,The Westport Inn
577,comodoro rivadavia,AR,290.07,clear sky,-45.8667,-67.5,Austral Hotel
579,aras,ES,284.68,few clouds,42.5617,-2.356,Jardines de Viana Spa
580,kyra,RU,275.58,clear sky,49.5776,111.9753,Bredasdorp Country Manor
582,ukiah,US,281.69,clear sky,39.1502,-123.2078,Hampton Inn Ukiah
583,chandigarh,IN,296.69,clear sky,30.7343,76.7933,Hotel Oyster
586,goundam,ML,294.64,clear sky,16.4145,-3.6708,Bredasdorp Country Manor
588,barra do garcas,BR,294.79,clear sky,-15.89,-52.2567,Pousada Tropical
589,lata,PT,289.3,overcast clouds,40.1629,-8.3327,Terra√ßos da Beira
591,gibsons,CA,280.4,overcast clouds,49.3997,-123.5027,Cedars Inn Hotel & Convention Center
593,diamantino,BR,294.38,clear sky,-14.4086,-56.4461,Hotel Delta
597,campbell river,CA,276.73,overcast clouds,50.0163,-125.2446,Anchor Inn & Suites
598,gawler,AU,297.09,clear sky,-34.6,138.7333,Eagle Foundry Bed & Breakfast
600,brownwood,US,280.77,overcast clouds,31.7093,-98.9912,La Quinta Inn & Suites by Wyndham Brownwood
601,kayunga,UG,297.01,broken clouds,0.7025,32.8886,Flamingo Hotel
604,gainesville,US,284.27,clear sky,29.6516,-82.3248,Stayable Select
605,dunedin,NZ,286.37,light rain,-45.8742,170.5036,Scenic Hotel Southern Cross
606,slyudyanka,RU,277.13,scattered clouds,51.6594,103.7061,Delight
607,lazarevac,RS,282.06,broken clouds,44.3853,20.2557,Odmarali≈°te Vidik
608,meadow lake,US,273.21,clear sky,34.8014,-106.5436,TumbleWeed RV Park
609,sungaipenuh,ID,296.4,overcast clouds,-2.0833,101.3833,Penginapan Citra Alam
612,orje,NO,273.91,overcast clouds,59.4802,11.6602,PARKING AND TOILET
614,arisvi,GR,289.94,broken clouds,41.0667,25.5833,Bredasdorp Country Manor
617,abnub,EG,288.27,overcast clouds,27.2696,31.1511,ÿØŸàÿßÿ± ÿßŸÑ ÿπÿ®ÿØ ÿßŸÑÿ¨ŸàÿßÿØ ÿ¥ÿ±ŸÇ ÿßŸÑÿ®ŸÑÿØ ÿ®ÿßÿ®ŸÜŸàÿ®
618,altona,DE,277.12,overcast clouds,53.55,9.9333,Clipper Boardinghouse Hamburg-Holzhafen
619,zaraza,VE,294.99,overcast clouds,9.3503,-65.3245,Hotel Zaraza
620,houston,US,282.57,broken clouds,29.7633,-95.3633,"Hotel ICON, Autograph Collection"
621,san lorenzo,PY,289.67,clear sky,-25.3333,-57.5333,Canarias Hotel
623,rancho palos verdes,US,291.7,clear sky,33.7445,-118.387,Terranea Resort
624,ustka,PL,274.62,clear sky,54.5805,16.8619,Hotel Royal Baltic Luxury Boutique
626,nantucket,US,281.21,scattered clouds,41.2835,-70.0995,Jared Coffin House
629,victor harbor,AU,290.37,clear sky,-35.5667,138.6167,McCracken Country Club
630,salmas,IR,282.48,few clouds,38.1973,44.7653,Ata Hotel
631,waipawa,NZ,286.69,light rain,-41.4122,175.5153,Tora Coastal Walk
632,coos bay,US,280.33,clear sky,43.3665,-124.2179,Best Western Holiday Hotel
634,nola,IT,290.33,broken clouds,40.922,14.5329,Palazzo Giordano Bruno
635,besikduzu,TR,290.09,clear sky,41.052,39.2284,Belek Palas Hotel
637,tecoanapa,MX,297.64,overcast clouds,16.5167,-98.75,Hotel Manglares
638,dali,CN,291.25,clear sky,25.7,100.1833,Dali Travelling With Hostel
640,erenhot,CN,279.55,overcast clouds,43.6475,111.9767,Erenhot Rurouni Youth Hostel
643,praia da vitoria,PT,289.29,scattered clouds,38.7333,-27.0667,Hotel Branco I
644,camacupa,AO,294.56,overcast clouds,-12.0167,17.4833,Bredasdorp Country Manor
645,ebeltoft,DK,280.16,broken clouds,56.1944,10.6821,Danhostel Ebeltoft
646,babu,CN,294.81,broken clouds,24.4167,111.5167,IU Hotel Hezhou Bus Terminal
647,alora,ES,291.75,scattered clouds,36.8236,-4.7058,Apartments Vientos de Santa Mar√≠a
649,eureka,US,278.81,overcast clouds,40.8021,-124.1637,Eureka Inn Trademark By Wyndham
650,san buenaventura,MX,282.3,overcast clouds,27.0833,-101.5333,Hotel Gran Plaza
652,broome,US,274.92,overcast clouds,42.2506,-75.833,Chenango Valley State Park
653,burnie,AU,288.12,few clouds,-41.0667,145.9167,Beachfront Voyager Motor Inn
654,general roca,AR,291.27,few clouds,-39.0333,-67.5833,Hotel El Recreo
655,praya,CV,296.45,few clouds,14.9215,-23.5087,LT Aparthotel
656,ndola,ZM,297.64,scattered clouds,-12.9587,28.6366,Chabanga Lodge iSpot
657,kutum,SD,292.2,clear sky,14.2,24.6667,Dibbo areaŸÖŸÜÿ∑ŸÇÿ© ÿØÿ®Ÿà
659,yinchuan,CN,285.58,overcast clouds,38.4681,106.2731,JJ Inns - Yinchuan New Moon Square Branch
660,sakakah,SA,289.91,light rain,29.9697,40.2064,Fakhamat Al Orjoana Apartment
661,santo antonio do ica,BR,295.36,overcast clouds,-3.1022,-67.9397,HOTEL AMAZON WAY
